<?xml version='1.0' encoding='utf-8'?>
<project xmlns:ns1="http://www.plcopen.org/xml/tc6_0201" xmlns:xhtml="http://www.w3.org/1999/xhtml" xmlns:xsd="http://www.w3.org/2001/XMLSchema" xmlns="http://www.plcopen.org/xml/tc6_0201">
  <fileHeader companyName="Unknown" productName="Unnamed" productVersion="1" creationDateTime="2021-12-11T20:03:39"/>
  <contentHeader name="Unnamed" modificationDateTime="2022-01-09T22:53:53">
    <coordinateInfo>
      <fbd>
        <scaling x="10" y="10"/>
      </fbd>
      <ld>
        <scaling x="10" y="10"/>
      </ld>
      <sfc>
        <scaling x="10" y="10"/>
      </sfc>
    </coordinateInfo>
  </contentHeader>
  <types>
    <dataTypes/>
    <pous>
      <pou name="IO22C04" pouType="program">
        <interface>
          <localVars>
            <variable name="TactSwitch1" address="%IX100.0">
              <type>
                <BOOL/>
              </type>
              <initialValue>
                <simpleValue value="0"/>
              </initialValue>
              <documentation>
                <xhtml:p><![CDATA[K1]]></xhtml:p>
              </documentation>
            </variable>
            <variable name="TactSwitch2" address="%IX100.1">
              <type>
                <BOOL/>
              </type>
              <initialValue>
                <simpleValue value="0"/>
              </initialValue>
              <documentation>
                <xhtml:p><![CDATA[K2]]></xhtml:p>
              </documentation>
            </variable>
            <variable name="TactSwitch3" address="%IX100.2">
              <type>
                <BOOL/>
              </type>
              <initialValue>
                <simpleValue value="0"/>
              </initialValue>
              <documentation>
                <xhtml:p><![CDATA[K3]]></xhtml:p>
              </documentation>
            </variable>
            <variable name="TactSwitch4" address="%IX100.3">
              <type>
                <BOOL/>
              </type>
              <initialValue>
                <simpleValue value="0"/>
              </initialValue>
              <documentation>
                <xhtml:p><![CDATA[K4]]></xhtml:p>
              </documentation>
            </variable>
            <variable name="Input1" address="%IX100.4">
              <type>
                <BOOL/>
              </type>
              <initialValue>
                <simpleValue value="0"/>
              </initialValue>
              <documentation>
                <xhtml:p><![CDATA[IN1]]></xhtml:p>
              </documentation>
            </variable>
            <variable name="Input2" address="%IX100.5">
              <type>
                <BOOL/>
              </type>
              <initialValue>
                <simpleValue value="0"/>
              </initialValue>
              <documentation>
                <xhtml:p><![CDATA[IN2]]></xhtml:p>
              </documentation>
            </variable>
            <variable name="Input3" address="%IX100.6">
              <type>
                <BOOL/>
              </type>
              <initialValue>
                <simpleValue value="0"/>
              </initialValue>
              <documentation>
                <xhtml:p><![CDATA[IN3]]></xhtml:p>
              </documentation>
            </variable>
            <variable name="Input4" address="%IX100.7">
              <type>
                <BOOL/>
              </type>
              <initialValue>
                <simpleValue value="0"/>
              </initialValue>
              <documentation>
                <xhtml:p><![CDATA[IN4]]></xhtml:p>
              </documentation>
            </variable>
            <variable name="Relay1" address="%QX100.0">
              <type>
                <BOOL/>
              </type>
              <initialValue>
                <simpleValue value="0"/>
              </initialValue>
              <documentation>
                <xhtml:p><![CDATA[J1]]></xhtml:p>
              </documentation>
            </variable>
            <variable name="Relay2" address="%QX100.1">
              <type>
                <BOOL/>
              </type>
              <initialValue>
                <simpleValue value="0"/>
              </initialValue>
              <documentation>
                <xhtml:p><![CDATA[J2]]></xhtml:p>
              </documentation>
            </variable>
            <variable name="Relay3" address="%QX100.2">
              <type>
                <BOOL/>
              </type>
              <initialValue>
                <simpleValue value="0"/>
              </initialValue>
              <documentation>
                <xhtml:p><![CDATA[J3]]></xhtml:p>
              </documentation>
            </variable>
            <variable name="Relay4" address="%QX100.3">
              <type>
                <BOOL/>
              </type>
              <initialValue>
                <simpleValue value="0"/>
              </initialValue>
              <documentation>
                <xhtml:p><![CDATA[J4]]></xhtml:p>
              </documentation>
            </variable>
            <variable name="SEGD" address="%QX100.4">
              <type>
                <BOOL/>
              </type>
              <initialValue>
                <simpleValue value="0"/>
              </initialValue>
              <documentation>
                <xhtml:p><![CDATA[7SEG DATA]]></xhtml:p>
              </documentation>
            </variable>
            <variable name="SEGL" address="%QX100.5">
              <type>
                <BOOL/>
              </type>
              <initialValue>
                <simpleValue value="0"/>
              </initialValue>
              <documentation>
                <xhtml:p><![CDATA[7SEG LATCH]]></xhtml:p>
              </documentation>
            </variable>
            <variable name="SEGC" address="%QX100.6">
              <type>
                <BOOL/>
              </type>
              <initialValue>
                <simpleValue value="0"/>
              </initialValue>
              <documentation>
                <xhtml:p><![CDATA[7SEG CLICK]]></xhtml:p>
              </documentation>
            </variable>
          </localVars>
        </interface>
        <body>
          <LD>
            <leftPowerRail localId="1" height="320" width="10">
              <position x="60" y="30"/>
              <connectionPointOut formalParameter="">
                <relPosition x="10" y="20"/>
              </connectionPointOut>
              <connectionPointOut formalParameter="">
                <relPosition x="10" y="60"/>
              </connectionPointOut>
              <connectionPointOut formalParameter="">
                <relPosition x="10" y="100"/>
              </connectionPointOut>
              <connectionPointOut formalParameter="">
                <relPosition x="10" y="140"/>
              </connectionPointOut>
              <connectionPointOut formalParameter="">
                <relPosition x="10" y="180"/>
              </connectionPointOut>
              <connectionPointOut formalParameter="">
                <relPosition x="10" y="220"/>
              </connectionPointOut>
              <connectionPointOut formalParameter="">
                <relPosition x="10" y="260"/>
              </connectionPointOut>
              <connectionPointOut formalParameter="">
                <relPosition x="10" y="300"/>
              </connectionPointOut>
            </leftPowerRail>
            <rightPowerRail localId="5" height="320" width="10">
              <position x="380" y="30"/>
              <connectionPointIn>
                <relPosition x="0" y="20"/>
                <connection refLocalId="9">
                  <position x="380" y="50"/>
                  <position x="301" y="50"/>
                </connection>
              </connectionPointIn>
              <connectionPointIn>
                <relPosition x="0" y="60"/>
              </connectionPointIn>
              <connectionPointIn>
                <relPosition x="0" y="100"/>
                <connection refLocalId="13">
                  <position x="380" y="130"/>
                  <position x="301" y="130"/>
                </connection>
              </connectionPointIn>
              <connectionPointIn>
                <relPosition x="0" y="140"/>
              </connectionPointIn>
              <connectionPointIn>
                <relPosition x="0" y="180"/>
                <connection refLocalId="14">
                  <position x="380" y="210"/>
                  <position x="301" y="210"/>
                </connection>
              </connectionPointIn>
              <connectionPointIn>
                <relPosition x="0" y="220"/>
              </connectionPointIn>
              <connectionPointIn>
                <relPosition x="0" y="260"/>
                <connection refLocalId="15">
                  <position x="380" y="290"/>
                  <position x="301" y="290"/>
                </connection>
              </connectionPointIn>
              <connectionPointIn>
                <relPosition x="0" y="300"/>
              </connectionPointIn>
            </rightPowerRail>
            <contact localId="8" height="20" width="21" negated="false">
              <position x="170" y="40"/>
              <connectionPointIn>
                <relPosition x="0" y="10"/>
                <connection refLocalId="1">
                  <position x="170" y="50"/>
                  <position x="70" y="50"/>
                </connection>
              </connectionPointIn>
              <connectionPointOut>
                <relPosition x="21" y="10"/>
              </connectionPointOut>
              <variable>TactSwitch1</variable>
            </contact>
            <coil localId="9" height="20" width="21" negated="false">
              <position x="280" y="40"/>
              <connectionPointIn>
                <relPosition x="0" y="10"/>
                <connection refLocalId="8">
                  <position x="280" y="50"/>
                  <position x="191" y="50"/>
                </connection>
                <connection refLocalId="16">
                  <position x="280" y="50"/>
                  <position x="235" y="50"/>
                  <position x="235" y="90"/>
                  <position x="190" y="90"/>
                </connection>
              </connectionPointIn>
              <connectionPointOut>
                <relPosition x="21" y="10"/>
              </connectionPointOut>
              <variable>Relay1</variable>
            </coil>
            <contact localId="11" height="20" width="21" negated="false">
              <position x="170" y="200"/>
              <connectionPointIn>
                <relPosition x="0" y="10"/>
                <connection refLocalId="1">
                  <position x="170" y="210"/>
                  <position x="70" y="210"/>
                </connection>
              </connectionPointIn>
              <connectionPointOut>
                <relPosition x="21" y="10"/>
              </connectionPointOut>
              <variable>TactSwitch3</variable>
            </contact>
            <contact localId="12" height="20" width="21" negated="false">
              <position x="170" y="280"/>
              <connectionPointIn>
                <relPosition x="0" y="10"/>
                <connection refLocalId="1">
                  <position x="170" y="290"/>
                  <position x="70" y="290"/>
                </connection>
                <connection refLocalId="1">
                  <position x="170" y="290"/>
                  <position x="70" y="290"/>
                </connection>
              </connectionPointIn>
              <connectionPointOut>
                <relPosition x="21" y="10"/>
              </connectionPointOut>
              <variable>TactSwitch4</variable>
            </contact>
            <coil localId="13" height="20" width="21" negated="false">
              <position x="280" y="120"/>
              <connectionPointIn>
                <relPosition x="0" y="10"/>
                <connection refLocalId="17">
                  <position x="280" y="130"/>
                  <position x="235" y="130"/>
                  <position x="235" y="170"/>
                  <position x="191" y="170"/>
                </connection>
                <connection refLocalId="20">
                  <position x="280" y="130"/>
                  <position x="190" y="130"/>
                </connection>
              </connectionPointIn>
              <connectionPointOut>
                <relPosition x="21" y="10"/>
              </connectionPointOut>
              <variable>Relay2</variable>
            </coil>
            <coil localId="14" height="20" width="21" negated="false">
              <position x="280" y="200"/>
              <connectionPointIn>
                <relPosition x="0" y="10"/>
                <connection refLocalId="11">
                  <position x="280" y="210"/>
                  <position x="191" y="210"/>
                </connection>
                <connection refLocalId="18">
                  <position x="280" y="210"/>
                  <position x="235" y="210"/>
                  <position x="235" y="250"/>
                  <position x="190" y="250"/>
                </connection>
              </connectionPointIn>
              <connectionPointOut>
                <relPosition x="21" y="10"/>
              </connectionPointOut>
              <variable>Relay3</variable>
            </coil>
            <coil localId="15" height="20" width="21" negated="false">
              <position x="280" y="280"/>
              <connectionPointIn>
                <relPosition x="0" y="10"/>
                <connection refLocalId="12">
                  <position x="280" y="290"/>
                  <position x="191" y="290"/>
                </connection>
                <connection refLocalId="19">
                  <position x="280" y="290"/>
                  <position x="235" y="290"/>
                  <position x="235" y="330"/>
                  <position x="190" y="330"/>
                </connection>
              </connectionPointIn>
              <connectionPointOut>
                <relPosition x="21" y="10"/>
              </connectionPointOut>
              <variable>Relay4</variable>
            </coil>
            <contact localId="16" height="20" width="21" negated="false">
              <position x="170" y="80"/>
              <connectionPointIn>
                <relPosition x="0" y="10"/>
                <connection refLocalId="1">
                  <position x="170" y="90"/>
                  <position x="70" y="90"/>
                </connection>
              </connectionPointIn>
              <connectionPointOut>
                <relPosition x="21" y="10"/>
              </connectionPointOut>
              <variable>Input1</variable>
            </contact>
            <contact localId="17" height="20" width="21" negated="false">
              <position x="170" y="160"/>
              <connectionPointIn>
                <relPosition x="0" y="10"/>
                <connection refLocalId="1">
                  <position x="170" y="170"/>
                  <position x="70" y="170"/>
                </connection>
              </connectionPointIn>
              <connectionPointOut>
                <relPosition x="21" y="10"/>
              </connectionPointOut>
              <variable>Input2</variable>
            </contact>
            <contact localId="18" height="20" width="21" negated="false">
              <position x="170" y="240"/>
              <connectionPointIn>
                <relPosition x="0" y="10"/>
                <connection refLocalId="1">
                  <position x="170" y="250"/>
                  <position x="70" y="250"/>
                </connection>
              </connectionPointIn>
              <connectionPointOut>
                <relPosition x="21" y="10"/>
              </connectionPointOut>
              <variable>Input3</variable>
            </contact>
            <contact localId="19" height="20" width="21" negated="false">
              <position x="170" y="320"/>
              <connectionPointIn>
                <relPosition x="0" y="10"/>
                <connection refLocalId="1">
                  <position x="170" y="330"/>
                  <position x="70" y="330"/>
                </connection>
              </connectionPointIn>
              <connectionPointOut>
                <relPosition x="21" y="10"/>
              </connectionPointOut>
              <variable>Input4</variable>
            </contact>
            <contact localId="20" height="20" width="21" negated="false">
              <position x="170" y="120"/>
              <connectionPointIn>
                <relPosition x="0" y="10"/>
                <connection refLocalId="1">
                  <position x="170" y="130"/>
                  <position x="70" y="130"/>
                </connection>
              </connectionPointIn>
              <connectionPointOut>
                <relPosition x="21" y="10"/>
              </connectionPointOut>
              <variable>TactSwitch2</variable>
            </contact>
          </LD>
        </body>
      </pou>
    </pous>
  </types>
  <instances>
    <configurations>
      <configuration name="Config0">
        <resource name="Res0">
          <task name="task0" priority="0" interval="T#20ms">
            <pouInstance name="instance0" typeName="IO22C04"/>
          </task>
        </resource>
      </configuration>
    </configurations>
  </instances>
</project>
